<?xml version="1.0" encoding="utf-8"?>
<!--/616917/790381/2.50/28/4/Integrated Circuit/-->
<quadcept_library>
  <setting unit="mil" />
  <textstyle name="Default" height="47.244094488189" strokewidth="7.8740157480315" charwidth="47.244094488189" />
  <textstyle name="Dimension" height="19.6850393700787" strokewidth="0" charwidth="19.6850393700787" />
  <textstyle name="H127W0635TH00762" height="50" strokewidth="3" charwidth="25" />
  <textstyle name="H15W15TH02" height="59.0551181102362" strokewidth="7.8740157480315" charwidth="59.0551181102362" />
  <padstyle name="c113.3_h73.3" surface="False" plated="True" isvia="False" nopaste="True" nomask="True" complex="False" holesize="28.858267716535">
    <padshape layer="TOP" shape="round" width="44.606299212598" height="44.606299212598" />
    <padshape layer="TOP_SOLDER_MASK" shape="round" width="52.480314960629" height="52.480314960629" />
    <padshape layer="INNER" shape="round" width="44.606299212598" height="44.606299212598" />
    <padshape layer="BOTTOM" shape="round" width="44.606299212598" height="44.606299212598" />
    <padshape layer="BOTTOM_SOLDER_MASK" shape="round" width="52.480314960629" height="52.480314960629" />
  </padstyle>
  <padstyle name="s113.3_h73.3" surface="False" plated="True" isvia="False" nopaste="True" nomask="True" complex="False" holesize="28.858267716535">
    <padshape layer="TOP" shape="square" width="44.606299212598" height="44.606299212598" />
    <padshape layer="TOP_SOLDER_MASK" shape="square" width="52.480314960629" height="52.480314960629" />
    <padshape layer="INNER" shape="round" width="44.606299212598" height="44.606299212598" />
    <padshape layer="BOTTOM" shape="square" width="44.606299212598" height="44.606299212598" />
    <padshape layer="BOTTOM_SOLDER_MASK" shape="square" width="52.480314960629" height="52.480314960629" />
  </padstyle>
  <footprint name="DIP1016W53P254L3468H457Q28N" originx="0" originy="0" pickpointx="0" pickpointy="0">
    <pcbpin number="1" name="1" style="s113.3_h73.3" originx="-200" originy="649.99999999999" rotation="90" />
    <pcbpin number="2" name="2" style="c113.3_h73.3" originx="-200" originy="549.99999999999" rotation="90" />
    <pcbpin number="3" name="3" style="c113.3_h73.3" originx="-200" originy="449.99999999999" rotation="90" />
    <pcbpin number="4" name="4" style="c113.3_h73.3" originx="-200" originy="350" rotation="90" />
    <pcbpin number="5" name="5" style="c113.3_h73.3" originx="-200" originy="250" rotation="90" />
    <pcbpin number="6" name="6" style="c113.3_h73.3" originx="-200" originy="150" rotation="90" />
    <pcbpin number="7" name="7" style="c113.3_h73.3" originx="-200" originy="49.999999999999" rotation="90" />
    <pcbpin number="8" name="8" style="c113.3_h73.3" originx="-200" originy="-49.999999999999" rotation="90" />
    <pcbpin number="9" name="9" style="c113.3_h73.3" originx="-200" originy="-150" rotation="90" />
    <pcbpin number="10" name="10" style="c113.3_h73.3" originx="-200" originy="-250" rotation="90" />
    <pcbpin number="11" name="11" style="c113.3_h73.3" originx="-200" originy="-350" rotation="90" />
    <pcbpin number="12" name="12" style="c113.3_h73.3" originx="-200" originy="-449.99999999999" rotation="90" />
    <pcbpin number="13" name="13" style="c113.3_h73.3" originx="-200" originy="-549.99999999999" rotation="90" />
    <pcbpin number="14" name="14" style="c113.3_h73.3" originx="-200" originy="-649.99999999999" rotation="90" />
    <pcbpin number="15" name="15" style="c113.3_h73.3" originx="200" originy="-649.99999999999" rotation="90" />
    <pcbpin number="16" name="16" style="c113.3_h73.3" originx="200" originy="-549.99999999999" rotation="90" />
    <pcbpin number="17" name="17" style="c113.3_h73.3" originx="200" originy="-449.99999999999" rotation="90" />
    <pcbpin number="18" name="18" style="c113.3_h73.3" originx="200" originy="-350" rotation="90" />
    <pcbpin number="19" name="19" style="c113.3_h73.3" originx="200" originy="-250" rotation="90" />
    <pcbpin number="20" name="20" style="c113.3_h73.3" originx="200" originy="-150" rotation="90" />
    <pcbpin number="21" name="21" style="c113.3_h73.3" originx="200" originy="-49.999999999999" rotation="90" />
    <pcbpin number="22" name="22" style="c113.3_h73.3" originx="200" originy="49.999999999999" rotation="90" />
    <pcbpin number="23" name="23" style="c113.3_h73.3" originx="200" originy="150" rotation="90" />
    <pcbpin number="24" name="24" style="c113.3_h73.3" originx="200" originy="250" rotation="90" />
    <pcbpin number="25" name="25" style="c113.3_h73.3" originx="200" originy="350" rotation="90" />
    <pcbpin number="26" name="26" style="c113.3_h73.3" originx="200" originy="449.99999999999" rotation="90" />
    <pcbpin number="27" name="27" style="c113.3_h73.3" originx="200" originy="549.99999999999" rotation="90" />
    <pcbpin number="28" name="28" style="c113.3_h73.3" originx="200" originy="649.99999999999" rotation="90" />
    <line layer="TOP_PLACE_BOUND" originx="-232.12598425197" originy="694.84251968503" endx="232.12598425197" endy="694.84251968503" width="1.9685039370079" />
    <line layer="TOP_PLACE_BOUND" originx="232.12598425197" originy="694.84251968503" endx="232.12598425197" endy="-694.84251968503" width="1.9685039370079" />
    <line layer="TOP_PLACE_BOUND" originx="232.12598425197" originy="-694.84251968503" endx="-232.12598425197" endy="-694.84251968503" width="1.9685039370079" />
    <line layer="TOP_PLACE_BOUND" originx="-232.12598425197" originy="-694.84251968503" endx="-232.12598425197" endy="694.84251968503" width="1.9685039370079" />
    <line layer="TOP_ASSEMBLY" originx="-162.51968503937" originy="684.99999999999" endx="162.51968503937" endy="684.99999999999" width="3.9370078740157" />
    <line layer="TOP_ASSEMBLY" originx="162.51968503937" originy="684.99999999999" endx="162.51968503937" endy="-684.99999999999" width="3.9370078740157" />
    <line layer="TOP_ASSEMBLY" originx="162.51968503937" originy="-684.99999999999" endx="-162.51968503937" endy="-684.99999999999" width="3.9370078740157" />
    <line layer="TOP_ASSEMBLY" originx="-162.51968503937" originy="-684.99999999999" endx="-162.51968503937" endy="684.99999999999" width="3.9370078740157" />
    <line layer="TOP_ASSEMBLY" originx="-162.51968503937" originy="634.99999999999" endx="-112.51968503937" endy="684.99999999999" width="3.9370078740157" />
    <line layer="TOP_SILKSCREEN" originx="-222.28346456693" originy="684.99999999999" endx="162.51968503937" endy="684.99999999999" width="7.8740157480314" />
    <line layer="TOP_SILKSCREEN" originx="-162.51968503937" originy="-684.99999999999" endx="162.51968503937" endy="-684.99999999999" width="7.8740157480314" />
  </footprint>
  <symbol name="ATMEGA328-PU" originx="0" originy="0">
    <line originx="200" originy="100" endx="2800" endy="100" width="0" />
    <line originx="2800" originy="-1400" endx="2800" endy="100" width="0" />
    <line originx="2800" originy="-1400" endx="200" endy="-1400" width="0" />
    <line originx="200" originy="100" endx="200" endy="-1400" width="0" />
    <sympin number="1" originx="200" originy="0" rotation="180" length="100" width="7.8740157480315" flipped="False">
      <text name="pinname" originx="230" originy="0" style="Default" rotation="0" justify="left" flipped="False" hidden="False" data="(PCINT14/RESET)_PC6" />
      <text name="pindes" originx="140" originy="20" style="Default" rotation="0" justify="lowerright" flipped="False" hidden="False" data="1" />
    </sympin>
    <sympin number="2" originx="200" originy="-100" rotation="180" length="100" width="7.8740157480315" flipped="False">
      <text name="pinname" originx="230" originy="-100" style="Default" rotation="0" justify="left" flipped="False" hidden="False" data="(PCINT16/RXD)_PD0" />
      <text name="pindes" originx="140" originy="-80" style="Default" rotation="0" justify="lowerright" flipped="False" hidden="False" data="2" />
    </sympin>
    <sympin number="3" originx="200" originy="-200" rotation="180" length="100" width="7.8740157480315" flipped="False">
      <text name="pinname" originx="230" originy="-200" style="Default" rotation="0" justify="left" flipped="False" hidden="False" data="(PCINT17/TXD)_PD1" />
      <text name="pindes" originx="140" originy="-180" style="Default" rotation="0" justify="lowerright" flipped="False" hidden="False" data="3" />
    </sympin>
    <sympin number="4" originx="200" originy="-300" rotation="180" length="100" width="7.8740157480315" flipped="False">
      <text name="pinname" originx="230" originy="-300" style="Default" rotation="0" justify="left" flipped="False" hidden="False" data="(PCINT18/INT0)_PD2" />
      <text name="pindes" originx="140" originy="-280" style="Default" rotation="0" justify="lowerright" flipped="False" hidden="False" data="4" />
    </sympin>
    <sympin number="5" originx="200" originy="-400" rotation="180" length="100" width="7.8740157480315" flipped="False">
      <text name="pinname" originx="230" originy="-400" style="Default" rotation="0" justify="left" flipped="False" hidden="False" data="(PCINT19/OC2B/INT1)_PD3" />
      <text name="pindes" originx="140" originy="-380" style="Default" rotation="0" justify="lowerright" flipped="False" hidden="False" data="5" />
    </sympin>
    <sympin number="6" originx="200" originy="-500" rotation="180" length="100" width="7.8740157480315" flipped="False">
      <text name="pinname" originx="230" originy="-500" style="Default" rotation="0" justify="left" flipped="False" hidden="False" data="(PCINT20/XCK/T0)_PD4" />
      <text name="pindes" originx="140" originy="-480" style="Default" rotation="0" justify="lowerright" flipped="False" hidden="False" data="6" />
    </sympin>
    <sympin number="7" originx="200" originy="-600" rotation="180" length="100" width="7.8740157480315" flipped="False">
      <text name="pinname" originx="230" originy="-600" style="Default" rotation="0" justify="left" flipped="False" hidden="False" data="VCC" />
      <text name="pindes" originx="140" originy="-580" style="Default" rotation="0" justify="lowerright" flipped="False" hidden="False" data="7" />
    </sympin>
    <sympin number="8" originx="200" originy="-700" rotation="180" length="100" width="7.8740157480315" flipped="False">
      <text name="pinname" originx="230" originy="-700" style="Default" rotation="0" justify="left" flipped="False" hidden="False" data="GND_1" />
      <text name="pindes" originx="140" originy="-680" style="Default" rotation="0" justify="lowerright" flipped="False" hidden="False" data="8" />
    </sympin>
    <sympin number="9" originx="200" originy="-800" rotation="180" length="100" width="7.8740157480315" flipped="False">
      <text name="pinname" originx="230" originy="-800" style="Default" rotation="0" justify="left" flipped="False" hidden="False" data="(PCINT6/XTAL1/TOSC1)_PB6" />
      <text name="pindes" originx="140" originy="-780" style="Default" rotation="0" justify="lowerright" flipped="False" hidden="False" data="9" />
    </sympin>
    <sympin number="10" originx="200" originy="-900" rotation="180" length="100" width="7.8740157480315" flipped="False">
      <text name="pinname" originx="230" originy="-900" style="Default" rotation="0" justify="left" flipped="False" hidden="False" data="(PCINT7/XTAL2/TOSC2)_PB7" />
      <text name="pindes" originx="140" originy="-880" style="Default" rotation="0" justify="lowerright" flipped="False" hidden="False" data="10" />
    </sympin>
    <sympin number="11" originx="200" originy="-1000" rotation="180" length="100" width="7.8740157480315" flipped="False">
      <text name="pinname" originx="230" originy="-1000" style="Default" rotation="0" justify="left" flipped="False" hidden="False" data="(PCINT21/OC0B/T1)_PD5" />
      <text name="pindes" originx="140" originy="-980" style="Default" rotation="0" justify="lowerright" flipped="False" hidden="False" data="11" />
    </sympin>
    <sympin number="12" originx="200" originy="-1100" rotation="180" length="100" width="7.8740157480315" flipped="False">
      <text name="pinname" originx="230" originy="-1100" style="Default" rotation="0" justify="left" flipped="False" hidden="False" data="(PCINT22/OC0A/AIN0)_PD6" />
      <text name="pindes" originx="140" originy="-1080" style="Default" rotation="0" justify="lowerright" flipped="False" hidden="False" data="12" />
    </sympin>
    <sympin number="13" originx="200" originy="-1200" rotation="180" length="100" width="7.8740157480315" flipped="False">
      <text name="pinname" originx="230" originy="-1200" style="Default" rotation="0" justify="left" flipped="False" hidden="False" data="(PCINT23/AIN1)_PD7" />
      <text name="pindes" originx="140" originy="-1180" style="Default" rotation="0" justify="lowerright" flipped="False" hidden="False" data="13" />
    </sympin>
    <sympin number="14" originx="200" originy="-1300" rotation="180" length="100" width="7.8740157480315" flipped="False">
      <text name="pinname" originx="230" originy="-1300" style="Default" rotation="0" justify="left" flipped="False" hidden="False" data="(PCINT0/CLKO/ICP1)_PB0" />
      <text name="pindes" originx="140" originy="-1280" style="Default" rotation="0" justify="lowerright" flipped="False" hidden="False" data="14" />
    </sympin>
    <sympin number="28" originx="2800" originy="0" rotation="0" length="100" width="7.8740157480315" flipped="False">
      <text name="pinname" originx="2770" originy="0" style="Default" rotation="0" justify="right" flipped="False" hidden="False" data="PC5_(ADC5/SCL/PCINT13)" />
      <text name="pindes" originx="2860" originy="20" style="Default" rotation="0" justify="lowerleft" flipped="False" hidden="False" data="28" />
    </sympin>
    <sympin number="27" originx="2800" originy="-100" rotation="0" length="100" width="7.8740157480315" flipped="False">
      <text name="pinname" originx="2770" originy="-100" style="Default" rotation="0" justify="right" flipped="False" hidden="False" data="PC4_(ADC4/SDA/PCINT12)" />
      <text name="pindes" originx="2860" originy="-80" style="Default" rotation="0" justify="lowerleft" flipped="False" hidden="False" data="27" />
    </sympin>
    <sympin number="26" originx="2800" originy="-200" rotation="0" length="100" width="7.8740157480315" flipped="False">
      <text name="pinname" originx="2770" originy="-200" style="Default" rotation="0" justify="right" flipped="False" hidden="False" data="PC3_(ADC3/PCINT11)" />
      <text name="pindes" originx="2860" originy="-180" style="Default" rotation="0" justify="lowerleft" flipped="False" hidden="False" data="26" />
    </sympin>
    <sympin number="25" originx="2800" originy="-300" rotation="0" length="100" width="7.8740157480315" flipped="False">
      <text name="pinname" originx="2770" originy="-300" style="Default" rotation="0" justify="right" flipped="False" hidden="False" data="PC2_(ADC2/PCINT10)" />
      <text name="pindes" originx="2860" originy="-280" style="Default" rotation="0" justify="lowerleft" flipped="False" hidden="False" data="25" />
    </sympin>
    <sympin number="24" originx="2800" originy="-400" rotation="0" length="100" width="7.8740157480315" flipped="False">
      <text name="pinname" originx="2770" originy="-400" style="Default" rotation="0" justify="right" flipped="False" hidden="False" data="PC1_(ADC1/PCINT9)" />
      <text name="pindes" originx="2860" originy="-380" style="Default" rotation="0" justify="lowerleft" flipped="False" hidden="False" data="24" />
    </sympin>
    <sympin number="23" originx="2800" originy="-500" rotation="0" length="100" width="7.8740157480315" flipped="False">
      <text name="pinname" originx="2770" originy="-500" style="Default" rotation="0" justify="right" flipped="False" hidden="False" data="PC0_(ADC0/PCINT8)" />
      <text name="pindes" originx="2860" originy="-480" style="Default" rotation="0" justify="lowerleft" flipped="False" hidden="False" data="23" />
    </sympin>
    <sympin number="22" originx="2800" originy="-600" rotation="0" length="100" width="7.8740157480315" flipped="False">
      <text name="pinname" originx="2770" originy="-600" style="Default" rotation="0" justify="right" flipped="False" hidden="False" data="GND_2" />
      <text name="pindes" originx="2860" originy="-580" style="Default" rotation="0" justify="lowerleft" flipped="False" hidden="False" data="22" />
    </sympin>
    <sympin number="21" originx="2800" originy="-700" rotation="0" length="100" width="7.8740157480315" flipped="False">
      <text name="pinname" originx="2770" originy="-700" style="Default" rotation="0" justify="right" flipped="False" hidden="False" data="AREF" />
      <text name="pindes" originx="2860" originy="-680" style="Default" rotation="0" justify="lowerleft" flipped="False" hidden="False" data="21" />
    </sympin>
    <sympin number="20" originx="2800" originy="-800" rotation="0" length="100" width="7.8740157480315" flipped="False">
      <text name="pinname" originx="2770" originy="-800" style="Default" rotation="0" justify="right" flipped="False" hidden="False" data="AVCC" />
      <text name="pindes" originx="2860" originy="-780" style="Default" rotation="0" justify="lowerleft" flipped="False" hidden="False" data="20" />
    </sympin>
    <sympin number="19" originx="2800" originy="-900" rotation="0" length="100" width="7.8740157480315" flipped="False">
      <text name="pinname" originx="2770" originy="-900" style="Default" rotation="0" justify="right" flipped="False" hidden="False" data="PB5_(SCK/PCINT5)" />
      <text name="pindes" originx="2860" originy="-880" style="Default" rotation="0" justify="lowerleft" flipped="False" hidden="False" data="19" />
    </sympin>
    <sympin number="18" originx="2800" originy="-1000" rotation="0" length="100" width="7.8740157480315" flipped="False">
      <text name="pinname" originx="2770" originy="-1000" style="Default" rotation="0" justify="right" flipped="False" hidden="False" data="PB4_(MISO/PCINT4)" />
      <text name="pindes" originx="2860" originy="-980" style="Default" rotation="0" justify="lowerleft" flipped="False" hidden="False" data="18" />
    </sympin>
    <sympin number="17" originx="2800" originy="-1100" rotation="0" length="100" width="7.8740157480315" flipped="False">
      <text name="pinname" originx="2770" originy="-1100" style="Default" rotation="0" justify="right" flipped="False" hidden="False" data="PB3_(MOSI/OC2A/PCINT3)" />
      <text name="pindes" originx="2860" originy="-1080" style="Default" rotation="0" justify="lowerleft" flipped="False" hidden="False" data="17" />
    </sympin>
    <sympin number="16" originx="2800" originy="-1200" rotation="0" length="100" width="7.8740157480315" flipped="False">
      <text name="pinname" originx="2770" originy="-1200" style="Default" rotation="0" justify="right" flipped="False" hidden="False" data="PB2_(SS/OC1B/PCINT2)" />
      <text name="pindes" originx="2860" originy="-1180" style="Default" rotation="0" justify="lowerleft" flipped="False" hidden="False" data="16" />
    </sympin>
    <sympin number="15" originx="2800" originy="-1300" rotation="0" length="100" width="7.8740157480315" flipped="False">
      <text name="pinname" originx="2770" originy="-1300" style="Default" rotation="0" justify="right" flipped="False" hidden="False" data="PB1_(OC1A/PCINT1)" />
      <text name="pindes" originx="2860" originy="-1280" style="Default" rotation="0" justify="lowerleft" flipped="False" hidden="False" data="15" />
    </sympin>
  </symbol>
  <component name="ATMEGA328-PU" designatorprefix="IC" height="180" footprint="DIP1016W53P254L3468H457Q28N">
    <comppin designator="1" sympin="1" pinswap="0" gateswap="0" gate="1" group="1" side="" type="Any" name="(PCINT14/RESET)_PC6" />
    <comppin designator="2" sympin="2" pinswap="0" gateswap="0" gate="1" group="1" side="" type="Input" name="(PCINT16/RXD)_PD0" />
    <comppin designator="3" sympin="3" pinswap="0" gateswap="0" gate="1" group="1" side="" type="Output" name="(PCINT17/TXD)_PD1" />
    <comppin designator="4" sympin="4" pinswap="0" gateswap="0" gate="1" group="1" side="" type="Any" name="(PCINT18/INT0)_PD2" />
    <comppin designator="5" sympin="5" pinswap="0" gateswap="0" gate="1" group="1" side="" type="Any" name="(PCINT19/OC2B/INT1)_PD3" />
    <comppin designator="6" sympin="6" pinswap="0" gateswap="0" gate="1" group="1" side="" type="Any" name="(PCINT20/XCK/T0)_PD4" />
    <comppin designator="7" sympin="7" pinswap="0" gateswap="0" gate="1" group="1" side="" type="Power" name="VCC" />
    <comppin designator="8" sympin="8" pinswap="0" gateswap="0" gate="1" group="1" side="" type="Ground" name="GND_1" />
    <comppin designator="9" sympin="9" pinswap="0" gateswap="0" gate="1" group="1" side="" type="Any" name="(PCINT6/XTAL1/TOSC1)_PB6" />
    <comppin designator="10" sympin="10" pinswap="0" gateswap="0" gate="1" group="1" side="" type="Any" name="(PCINT7/XTAL2/TOSC2)_PB7" />
    <comppin designator="11" sympin="11" pinswap="0" gateswap="0" gate="1" group="1" side="" type="Any" name="(PCINT21/OC0B/T1)_PD5" />
    <comppin designator="12" sympin="12" pinswap="0" gateswap="0" gate="1" group="1" side="" type="Any" name="(PCINT22/OC0A/AIN0)_PD6" />
    <comppin designator="13" sympin="13" pinswap="0" gateswap="0" gate="1" group="1" side="" type="Any" name="(PCINT23/AIN1)_PD7" />
    <comppin designator="14" sympin="14" pinswap="0" gateswap="0" gate="1" group="1" side="" type="Any" name="(PCINT0/CLKO/ICP1)_PB0" />
    <comppin designator="15" sympin="15" pinswap="0" gateswap="0" gate="1" group="1" side="" type="Any" name="PB1_(OC1A/PCINT1)" />
    <comppin designator="16" sympin="16" pinswap="0" gateswap="0" gate="1" group="1" side="" type="Any" name="PB2_(SS/OC1B/PCINT2)" />
    <comppin designator="17" sympin="17" pinswap="0" gateswap="0" gate="1" group="1" side="" type="Any" name="PB3_(MOSI/OC2A/PCINT3)" />
    <comppin designator="18" sympin="18" pinswap="0" gateswap="0" gate="1" group="1" side="" type="Any" name="PB4_(MISO/PCINT4)" />
    <comppin designator="19" sympin="19" pinswap="0" gateswap="0" gate="1" group="1" side="" type="Any" name="PB5_(SCK/PCINT5)" />
    <comppin designator="20" sympin="20" pinswap="0" gateswap="0" gate="1" group="1" side="" type="Power" name="AVCC" />
    <comppin designator="21" sympin="21" pinswap="0" gateswap="0" gate="1" group="1" side="" type="Any" name="AREF" />
    <comppin designator="22" sympin="22" pinswap="0" gateswap="0" gate="1" group="1" side="" type="Ground" name="GND_2" />
    <comppin designator="23" sympin="23" pinswap="0" gateswap="0" gate="1" group="1" side="" type="Any" name="PC0_(ADC0/PCINT8)" />
    <comppin designator="24" sympin="24" pinswap="0" gateswap="0" gate="1" group="1" side="" type="Any" name="PC1_(ADC1/PCINT9)" />
    <comppin designator="25" sympin="25" pinswap="0" gateswap="0" gate="1" group="1" side="" type="Any" name="PC2_(ADC2/PCINT10)" />
    <comppin designator="26" sympin="26" pinswap="0" gateswap="0" gate="1" group="1" side="" type="Any" name="PC3_(ADC3/PCINT11)" />
    <comppin designator="27" sympin="27" pinswap="0" gateswap="0" gate="1" group="1" side="" type="Any" name="PC4_(ADC4/SDA/PCINT12)" />
    <comppin designator="28" sympin="28" pinswap="0" gateswap="0" gate="1" group="1" side="" type="Any" name="PC5_(ADC5/SCL/PCINT13)" />
    <attached_symbol gate="1" name="ATMEGA328-PU" />
    <pinmap designator="1" footprintpin="1" />
    <pinmap designator="2" footprintpin="2" />
    <pinmap designator="3" footprintpin="3" />
    <pinmap designator="4" footprintpin="4" />
    <pinmap designator="5" footprintpin="5" />
    <pinmap designator="6" footprintpin="6" />
    <pinmap designator="7" footprintpin="7" />
    <pinmap designator="8" footprintpin="8" />
    <pinmap designator="9" footprintpin="9" />
    <pinmap designator="10" footprintpin="10" />
    <pinmap designator="11" footprintpin="11" />
    <pinmap designator="12" footprintpin="12" />
    <pinmap designator="13" footprintpin="13" />
    <pinmap designator="14" footprintpin="14" />
    <pinmap designator="15" footprintpin="15" />
    <pinmap designator="16" footprintpin="16" />
    <pinmap designator="17" footprintpin="17" />
    <pinmap designator="18" footprintpin="18" />
    <pinmap designator="19" footprintpin="19" />
    <pinmap designator="20" footprintpin="20" />
    <pinmap designator="21" footprintpin="21" />
    <pinmap designator="22" footprintpin="22" />
    <pinmap designator="23" footprintpin="23" />
    <pinmap designator="24" footprintpin="24" />
    <pinmap designator="25" footprintpin="25" />
    <pinmap designator="26" footprintpin="26" />
    <pinmap designator="27" footprintpin="27" />
    <pinmap designator="28" footprintpin="28" />
    <text name="Datasheet" originx="0" originy="0" style="Default" rotation="0" justify="" flipped="False" hidden="True" data="https://componentsearchengine.com/Datasheets/1/ATMEGA328-PU.pdf" />
    <text name="Description" originx="0" originy="0" style="Default" rotation="0" justify="" flipped="False" hidden="True" data="8-bit Microcontrollers - MCU AVR 32K FLSH 1K EE2K SRAM-20MHz IND" />
    <text name="Mouser Part Number" originx="0" originy="0" style="Default" rotation="0" justify="" flipped="False" hidden="True" data="556-ATMEGA328-PU" />
    <text name="Mouser Price/Stock" originx="0" originy="0" style="Default" rotation="0" justify="" flipped="False" hidden="True" data="https://www.mouser.co.uk/ProductDetail/Microchip-Technology/ATMEGA328-PU?qs=lwdSMh1%2FoYJT8tfItQpQtA%3D%3D" />
    <text name="Manufacturer_Name" originx="0" originy="0" style="Default" rotation="0" justify="" flipped="False" hidden="True" data="Microchip" />
    <text name="Manufacturer_Part_Number" originx="2850" originy="200" style="Default" rotation="0" justify="left" flipped="False" hidden="False" data="ATMEGA328-PU" />
  </component>
</quadcept_library>
