<?xml version="1.0" encoding="utf-8"?>
<!--/18817614/1064998/2.50/2/3/LED/-->
<quadcept_library>
  <setting unit="mil" />
  <textstyle name="Default" height="47.244094488189" strokewidth="7.8740157480315" charwidth="47.244094488189" />
  <textstyle name="Dimension" height="19.6850393700787" strokewidth="0" charwidth="19.6850393700787" />
  <textstyle name="H127W0635TH00762" height="50" strokewidth="3" charwidth="25" />
  <textstyle name="H15W15TH02" height="59.0551181102362" strokewidth="7.8740157480315" charwidth="59.0551181102362" />
  <padstyle name="s141.6_h91" surface="False" plated="True" isvia="False" nopaste="True" nomask="True" complex="False" holesize="35.826771653543">
    <padshape layer="TOP" shape="square" width="55.748031496062" height="55.748031496062" />
    <padshape layer="TOP_SOLDER_MASK" shape="square" width="63.622047244094" height="63.622047244094" />
    <padshape layer="INNER" shape="square" width="55.748031496062" height="55.748031496062" />
    <padshape layer="BOTTOM" shape="square" width="55.748031496062" height="55.748031496062" />
    <padshape layer="BOTTOM_SOLDER_MASK" shape="square" width="63.622047244094" height="63.622047244094" />
  </padstyle>
  <padstyle name="c141.6_h91" surface="False" plated="True" isvia="False" nopaste="True" nomask="True" complex="False" holesize="35.826771653543">
    <padshape layer="TOP" shape="round" width="55.748031496062" height="55.748031496062" />
    <padshape layer="TOP_SOLDER_MASK" shape="round" width="63.622047244094" height="63.622047244094" />
    <padshape layer="INNER" shape="round" width="55.748031496062" height="55.748031496062" />
    <padshape layer="BOTTOM" shape="round" width="55.748031496062" height="55.748031496062" />
    <padshape layer="BOTTOM_SOLDER_MASK" shape="round" width="63.622047244094" height="63.622047244094" />
  </padstyle>
  <footprint name="TLHG5420ASZ" originx="0" originy="0" pickpointx="0" pickpointy="0">
    <pcbpin number="1" name="1" style="s141.6_h91" originx="0" originy="0" rotation="90" />
    <pcbpin number="2" name="2" style="c141.6_h91" originx="-99.999999999999" originy="0" rotation="90" />
    <line layer="TOP_PLACE_BOUND" originx="-205.51181102362" originy="155.51181102362" endx="105.51181102362" endy="155.51181102362" width="3.9370078740157" />
    <line layer="TOP_PLACE_BOUND" originx="105.51181102362" originy="155.51181102362" endx="105.51181102362" endy="-155.51181102362" width="3.9370078740157" />
    <line layer="TOP_PLACE_BOUND" originx="105.51181102362" originy="-155.51181102362" endx="-205.51181102362" endy="-155.51181102362" width="3.9370078740157" />
    <line layer="TOP_PLACE_BOUND" originx="-205.51181102362" originy="-155.51181102362" endx="-205.51181102362" endy="155.51181102362" width="3.9370078740157" />
    <line layer="TOP_ASSEMBLY" originx="-49.999999999999" originy="116.14173228346" endx="-49.999999999999" endy="116.14173228346" width="3.9370078740157" />
    <arc layer="TOP_ASSEMBLY" originx="-49.999999999999" originy="0" startangle="90.0" sweepangle="180.0" radius="116.14173228346" width="3.9370078740157" />
    <line layer="TOP_ASSEMBLY" originx="-49.999999999999" originy="-116.14173228346" endx="-49.999999999999" endy="-116.14173228346" width="3.9370078740157" />
    <arc layer="TOP_ASSEMBLY" originx="-49.999999999999" originy="0" startangle="-90.0" sweepangle="180.0" radius="116.14173228346" width="3.9370078740157" />
    <line layer="TOP_SILKSCREEN" originx="-49.999999999999" originy="116.14173228346" endx="-49.999999999999" endy="116.14173228346" width="7.8740157480314" />
    <arc layer="TOP_SILKSCREEN" originx="-49.999999999999" originy="0" startangle="90.0" sweepangle="180.0" radius="116.14173228346" width="7.8740157480314" />
    <line layer="TOP_SILKSCREEN" originx="-49.999999999999" originy="-116.14173228346" endx="-49.999999999999" endy="-116.14173228346" width="7.8740157480314" />
    <arc layer="TOP_SILKSCREEN" originx="-49.999999999999" originy="0" startangle="-90.0" sweepangle="180.0" radius="116.14173228346" width="7.8740157480314" />
    <line layer="TOP_SILKSCREEN" originx="86.614173228345" originy="0" endx="86.614173228345" endy="0" width="3.9370078740157" />
    <arc layer="TOP_SILKSCREEN" originx="84.645669291338" originy="0" startangle=".0" sweepangle="180.0" radius="1.9685039370079" width="3.9370078740157" />
    <line layer="TOP_SILKSCREEN" originx="82.67716535433" originy="0" endx="82.67716535433" endy="0" width="3.9370078740157" />
    <arc layer="TOP_SILKSCREEN" originx="84.645669291338" originy="0" startangle="180.0" sweepangle="180.0" radius="1.9685039370079" width="3.9370078740157" />
  </footprint>
  <symbol name="TLHG5420-ASZ" originx="0" originy="0">
    <line originx="200" originy="100" endx="200" endy="-100" width="0" />
    <line originx="250" originy="100" endx="150" endy="200" width="0" />
    <line originx="350" originy="100" endx="250" endy="200" width="0" />
    <line originx="100" originy="0" endx="200" endy="0" width="0" />
    <line originx="400" originy="0" endx="500" endy="0" width="0" />
    <sympin number="1" originx="100" originy="0" rotation="180" length="100" width="7.8740157480315" flipped="False">
      <text name="pinname" originx="10" originy="-10" style="Default" rotation="0" justify="upperleft" flipped="False" hidden="True" data="K" />
      <text name="pindes" originx="60" originy="10" style="Default" rotation="0" justify="lowerright" flipped="False" hidden="False" data="1" />
    </sympin>
    <sympin number="2" originx="500" originy="0" rotation="0" length="100" width="7.8740157480315" flipped="False">
      <text name="pinname" originx="590" originy="-10" style="Default" rotation="0" justify="upperright" flipped="False" hidden="True" data="A" />
      <text name="pindes" originx="540" originy="10" style="Default" rotation="0" justify="lowerleft" flipped="False" hidden="False" data="2" />
    </sympin>
    <polygon type="polygon">
      <point x="200" y="0" />
      <point x="400" y="100" />
      <point x="400" y="-100" />
    </polygon>
    <polygon type="polygon">
      <point x="210" y="170" />
      <point x="180" y="140" />
      <point x="150" y="200" />
    </polygon>
    <polygon type="polygon">
      <point x="310" y="170" />
      <point x="280" y="140" />
      <point x="250" y="200" />
    </polygon>
  </symbol>
  <component name="TLHG5420-ASZ" designatorprefix="LED" height="503.93700787401" footprint="TLHG5420ASZ">
    <comppin designator="1" sympin="1" pinswap="0" gateswap="0" gate="1" group="1" side="" type="Any" name="K" />
    <comppin designator="2" sympin="2" pinswap="0" gateswap="0" gate="1" group="1" side="" type="Any" name="A" />
    <attached_symbol gate="1" name="TLHG5420-ASZ" />
    <pinmap designator="1" footprintpin="1" />
    <pinmap designator="2" footprintpin="2" />
    <text name="Datasheet" originx="0" originy="0" style="Default" rotation="0" justify="" flipped="False" hidden="True" data="https://www.vishay.com/docs/86335/tlhg542_tlhg642.pdf" />
    <text name="Description" originx="0" originy="0" style="Default" rotation="0" justify="" flipped="False" hidden="True" data="Standard LEDs - Through Hole 5MM LED GREEN TINT. DIFFused with Standoff" />
    <text name="Mouser Part Number" originx="0" originy="0" style="Default" rotation="0" justify="" flipped="False" hidden="True" data="78-TLHG5420-ASZ" />
    <text name="Mouser Price/Stock" originx="0" originy="0" style="Default" rotation="0" justify="" flipped="False" hidden="True" data="https://www.mouser.co.uk/ProductDetail/Vishay-Siliconix/TLHG5420-ASZ?qs=M%2FWrVUahkW9Iv5EBNpgqMA%3D%3D" />
    <text name="Manufacturer_Name" originx="0" originy="0" style="Default" rotation="0" justify="" flipped="False" hidden="True" data="Vishay" />
    <text name="Manufacturer_Part_Number" originx="500" originy="250" style="Default" rotation="0" justify="lowerleft" flipped="False" hidden="False" data="TLHG5420-ASZ" />
  </component>
</quadcept_library>
