<?xml version="1.0" encoding="utf-8"?>
<!--/18912156/1064998/2.50/2/2/Resettable Fuse/-->
<quadcept_library>
  <setting unit="mil" />
  <textstyle name="Default" height="47.244094488189" strokewidth="7.8740157480315" charwidth="47.244094488189" />
  <textstyle name="Dimension" height="19.6850393700787" strokewidth="0" charwidth="19.6850393700787" />
  <textstyle name="H127W0635TH00762" height="50" strokewidth="3" charwidth="25" />
  <textstyle name="H15W15TH02" height="59.0551181102362" strokewidth="7.8740157480315" charwidth="59.0551181102362" />
  <padstyle name="s180_h120" surface="False" plated="True" isvia="False" nopaste="True" nomask="True" complex="False" holesize="47.244094488188">
    <padshape layer="TOP" shape="square" width="70.866141732283" height="70.866141732283" />
    <padshape layer="TOP_SOLDER_MASK" shape="square" width="78.740157480314" height="78.740157480314" />
    <padshape layer="INNER" shape="square" width="70.866141732283" height="70.866141732283" />
    <padshape layer="BOTTOM" shape="square" width="70.866141732283" height="70.866141732283" />
    <padshape layer="BOTTOM_SOLDER_MASK" shape="square" width="78.740157480314" height="78.740157480314" />
  </padstyle>
  <padstyle name="c180_h120" surface="False" plated="True" isvia="False" nopaste="True" nomask="True" complex="False" holesize="47.244094488188">
    <padshape layer="TOP" shape="round" width="70.866141732283" height="70.866141732283" />
    <padshape layer="TOP_SOLDER_MASK" shape="round" width="78.740157480314" height="78.740157480314" />
    <padshape layer="INNER" shape="round" width="70.866141732283" height="70.866141732283" />
    <padshape layer="BOTTOM" shape="round" width="70.866141732283" height="70.866141732283" />
    <padshape layer="BOTTOM_SOLDER_MASK" shape="round" width="78.740157480314" height="78.740157480314" />
  </padstyle>
  <footprint name="MFRHS10000" originx="0" originy="0" pickpointx="0" pickpointy="0">
    <pcbpin number="1" name="1" style="s180_h120" originx="0" originy="0" rotation="90" />
    <pcbpin number="2" name="2" style="c180_h120" originx="401.5748031496" originy="0" rotation="90" />
    <line layer="TOP_ASSEMBLY" originx="-82.67716535433" originy="-70.866141732283" endx="484.25196850393" endy="-70.866141732283" width="3.9370078740157" />
    <line layer="TOP_ASSEMBLY" originx="484.25196850393" originy="-70.866141732283" endx="484.25196850393" endy="70.866141732283" width="3.9370078740157" />
    <line layer="TOP_ASSEMBLY" originx="484.25196850393" originy="70.866141732283" endx="-82.67716535433" endy="70.866141732283" width="3.9370078740157" />
    <line layer="TOP_ASSEMBLY" originx="-82.67716535433" originy="70.866141732283" endx="-82.67716535433" endy="-70.866141732283" width="3.9370078740157" />
    <line layer="TOP_PLACE_BOUND" originx="-122.04724409449" originy="110.23622047244" endx="523.62204724409" endy="110.23622047244" width="3.9370078740157" />
    <line layer="TOP_PLACE_BOUND" originx="523.62204724409" originy="110.23622047244" endx="523.62204724409" endy="-110.23622047244" width="3.9370078740157" />
    <line layer="TOP_PLACE_BOUND" originx="523.62204724409" originy="-110.23622047244" endx="-122.04724409449" endy="-110.23622047244" width="3.9370078740157" />
    <line layer="TOP_PLACE_BOUND" originx="-122.04724409449" originy="-110.23622047244" endx="-122.04724409449" endy="110.23622047244" width="3.9370078740157" />
    <line layer="TOP_SILKSCREEN" originx="-82.67716535433" originy="70.866141732283" endx="484.25196850393" endy="70.866141732283" width="7.8740157480314" />
    <line layer="TOP_SILKSCREEN" originx="484.25196850393" originy="70.866141732283" endx="484.25196850393" endy="-70.866141732283" width="7.8740157480314" />
    <line layer="TOP_SILKSCREEN" originx="484.25196850393" originy="-70.866141732283" endx="-82.67716535433" endy="-70.866141732283" width="7.8740157480314" />
    <line layer="TOP_SILKSCREEN" originx="-82.67716535433" originy="-70.866141732283" endx="-82.67716535433" endy="70.866141732283" width="7.8740157480314" />
    <line layer="TOP_SILKSCREEN" originx="-106.29921259842" originy="0" endx="-106.29921259842" endy="0" width="3.9370078740157" />
    <arc layer="TOP_SILKSCREEN" originx="-104.33070866142" originy="0" startangle="-180.0" sweepangle="180.0" radius="1.9685039370079" width="3.9370078740157" />
    <line layer="TOP_SILKSCREEN" originx="-102.36220472441" originy="0" endx="-102.36220472441" endy="0" width="3.9370078740157" />
    <arc layer="TOP_SILKSCREEN" originx="-104.33070866142" originy="0" startangle=".0" sweepangle="180.0" radius="1.9685039370079" width="3.9370078740157" />
  </footprint>
  <symbol name="MF-RHS1000-0" originx="0" originy="0">
    <line originx="200" originy="50" endx="500" endy="50" width="0" />
    <line originx="500" originy="-50" endx="500" endy="50" width="0" />
    <line originx="500" originy="-50" endx="200" endy="-50" width="0" />
    <line originx="200" originy="50" endx="200" endy="-50" width="0" />
    <line originx="220" originy="-80" endx="280" endy="-80" width="0" />
    <line originx="420" originy="80" endx="280" endy="-80" width="0" />
    <line originx="420" originy="80" endx="480" endy="80" width="0" />
    <sympin number="1" originx="200" originy="0" rotation="180" length="100" width="7.8740157480315" flipped="False">
      <text name="pinname" originx="0" originy="-10" style="Default" rotation="0" justify="upperleft" flipped="False" hidden="True" data="1" />
      <text name="pindes" originx="0" originy="10" style="Default" rotation="0" justify="lowerleft" flipped="False" hidden="False" data="1" />
    </sympin>
    <sympin number="2" originx="500" originy="0" rotation="0" length="100" width="7.8740157480315" flipped="False">
      <text name="pinname" originx="700" originy="-10" style="Default" rotation="0" justify="upperright" flipped="False" hidden="True" data="2" />
      <text name="pindes" originx="700" originy="10" style="Default" rotation="0" justify="lowerright" flipped="False" hidden="False" data="2" />
    </sympin>
  </symbol>
  <component name="MF-RHS1000-0" designatorprefix="F" height="1098.4251968504" footprint="MFRHS10000">
    <comppin designator="1" sympin="1" pinswap="0" gateswap="0" gate="1" group="1" side="" type="Any" name="1" />
    <comppin designator="2" sympin="2" pinswap="0" gateswap="0" gate="1" group="1" side="" type="Any" name="2" />
    <attached_symbol gate="1" name="MF-RHS1000-0" />
    <pinmap designator="1" footprintpin="1" />
    <pinmap designator="2" footprintpin="2" />
    <text name="Datasheet" originx="0" originy="0" style="Default" rotation="0" justify="" flipped="False" hidden="True" data="" />
    <text name="Description" originx="0" originy="0" style="Default" rotation="0" justify="" flipped="False" hidden="True" data="PTC 10.0A 16V RADIAL LEADED HI-TEMP" />
    <text name="Mouser Part Number" originx="0" originy="0" style="Default" rotation="0" justify="" flipped="False" hidden="True" data="652-MF-RHS1000-0" />
    <text name="Mouser Price/Stock" originx="0" originy="0" style="Default" rotation="0" justify="" flipped="False" hidden="True" data="https://www.mouser.co.uk/ProductDetail/Bourns/MF-RHS1000-0?qs=mELouGlnn3f3cOBjSincOA%3D%3D" />
    <text name="Manufacturer_Name" originx="0" originy="0" style="Default" rotation="0" justify="" flipped="False" hidden="True" data="Bourns" />
    <text name="Manufacturer_Part_Number" originx="550" originy="150" style="Default" rotation="0" justify="left" flipped="False" hidden="False" data="MF-RHS1000-0" />
  </component>
</quadcept_library>
