<?xml version="1.0" encoding="utf-8"?>
<!--/622614/1064998/2.50/2/3/TVS Diode (Uni-directional)/-->
<quadcept_library>
  <setting unit="mil" />
  <textstyle name="Default" height="47.244094488189" strokewidth="7.8740157480315" charwidth="47.244094488189" />
  <textstyle name="Dimension" height="19.6850393700787" strokewidth="0" charwidth="19.6850393700787" />
  <textstyle name="H127W0635TH00762" height="50" strokewidth="3" charwidth="25" />
  <textstyle name="H15W15TH02" height="59.0551181102362" strokewidth="7.8740157480315" charwidth="59.0551181102362" />
  <padstyle name="r107.5_50" surface="True" plated="False" isvia="False" nopaste="False" nomask="True" complex="False" holesize="0">
    <padshape layer="TOP" shape="rectangle" width="19.685039370078" height="42.322834645669" />
    <padshape layer="TOP_SOLDER_MASK" shape="rectangle" width="27.55905511811" height="50.1968503937" />
    <padshape layer="TOP_SOLDER_PASTE" shape="rectangle" width="19.685039370078" height="42.322834645669" />
  </padstyle>
  <footprint name="SOD2513X114N" originx="0" originy="0" pickpointx="0" pickpointy="0">
    <pcbpin number="1" name="1" style="r107.5_50" originx="-45.275590551181" originy="0" rotation="90" />
    <pcbpin number="2" name="2" style="r107.5_50" originx="45.275590551181" originy="0" rotation="90" />
    <line layer="TOP_PLACE_BOUND" originx="-77.75590551181" originy="47.244094488188" endx="77.75590551181" endy="47.244094488188" width="1.9685039370079" />
    <line layer="TOP_PLACE_BOUND" originx="77.75590551181" originy="47.244094488188" endx="77.75590551181" endy="-47.244094488188" width="1.9685039370079" />
    <line layer="TOP_PLACE_BOUND" originx="77.75590551181" originy="-47.244094488188" endx="-77.75590551181" endy="-47.244094488188" width="1.9685039370079" />
    <line layer="TOP_PLACE_BOUND" originx="-77.75590551181" originy="-47.244094488188" endx="-77.75590551181" endy="47.244094488188" width="1.9685039370079" />
    <line layer="TOP_ASSEMBLY" originx="-34.448818897637" originy="25.590551181102" endx="34.448818897637" endy="25.590551181102" width="3.9370078740157" />
    <line layer="TOP_ASSEMBLY" originx="34.448818897637" originy="25.590551181102" endx="34.448818897637" endy="-25.590551181102" width="3.9370078740157" />
    <line layer="TOP_ASSEMBLY" originx="34.448818897637" originy="-25.590551181102" endx="-34.448818897637" endy="-25.590551181102" width="3.9370078740157" />
    <line layer="TOP_ASSEMBLY" originx="-34.448818897637" originy="-25.590551181102" endx="-34.448818897637" endy="25.590551181102" width="3.9370078740157" />
    <line layer="TOP_ASSEMBLY" originx="-34.448818897637" originy="4.4094488188976" endx="-13.307086614173" endy="25.590551181102" width="3.9370078740157" />
    <line layer="TOP_SILKSCREEN" originx="-66.456692913385" originy="25.590551181102" endx="34.448818897637" endy="25.590551181102" width="7.8740157480314" />
    <line layer="TOP_SILKSCREEN" originx="-34.448818897637" originy="-25.590551181102" endx="34.448818897637" endy="-25.590551181102" width="7.8740157480314" />
  </footprint>
  <symbol name="CDSOD323-T05S" originx="0" originy="0">
    <line originx="200" originy="0" endx="400" endy="100" width="0" />
    <line originx="400" originy="-100" endx="400" endy="100" width="0" />
    <line originx="400" originy="-100" endx="200" endy="0" width="0" />
    <line originx="200" originy="-80" endx="240" endy="-100" width="0" />
    <line originx="200" originy="-80" endx="200" endy="80" width="0" />
    <line originx="160" originy="100" endx="200" endy="80" width="0" />
    <sympin number="1" originx="200" originy="0" rotation="180" length="100" width="7.8740157480315" flipped="False">
      <text name="pinname" originx="0" originy="-20" style="Default" rotation="0" justify="upperleft" flipped="False" hidden="True" data="K" />
      <text name="pindes" originx="0" originy="20" style="Default" rotation="0" justify="lowerleft" flipped="False" hidden="False" data="1" />
    </sympin>
    <sympin number="2" originx="400" originy="0" rotation="0" length="100" width="7.8740157480315" flipped="False">
      <text name="pinname" originx="600" originy="-20" style="Default" rotation="0" justify="upperright" flipped="False" hidden="True" data="A" />
      <text name="pindes" originx="600" originy="20" style="Default" rotation="0" justify="lowerright" flipped="False" hidden="False" data="2" />
    </sympin>
  </symbol>
  <component name="CDSOD323-T05S" designatorprefix="D" height="44.881889763779" footprint="SOD2513X114N">
    <comppin designator="1" sympin="1" pinswap="0" gateswap="0" gate="1" group="1" side="" type="Any" name="K" />
    <comppin designator="2" sympin="2" pinswap="0" gateswap="0" gate="1" group="1" side="" type="Any" name="A" />
    <attached_symbol gate="1" name="CDSOD323-T05S" />
    <pinmap designator="1" footprintpin="1" />
    <pinmap designator="2" footprintpin="2" />
    <text name="Datasheet" originx="0" originy="0" style="Default" rotation="0" justify="" flipped="False" hidden="True" data="http://www.bourns.com/docs/Product-Datasheets/CDSOD323-TxxSC.pdf" />
    <text name="Description" originx="0" originy="0" style="Default" rotation="0" justify="" flipped="False" hidden="True" data="BOURNS - CDSOD323-T05S - DIODE, TVS, UNID. 5V, 1PF, SOD-323" />
    <text name="Manufacturer_Name" originx="0" originy="0" style="Default" rotation="0" justify="" flipped="False" hidden="True" data="Bourns" />
    <text name="Manufacturer_Part_Number" originx="400" originy="250" style="Default" rotation="0" justify="lowerleft" flipped="False" hidden="False" data="CDSOD323-T05S" />
    <text name="Mouser Part Number" originx="0" originy="0" style="Default" rotation="0" justify="" flipped="False" hidden="True" data="652-CDSOD323-T05S" />
    <text name="Mouser Price/Stock" originx="0" originy="0" style="Default" rotation="0" justify="" flipped="False" hidden="True" data="https://www.mouser.co.uk/ProductDetail/Bourns/CDSOD323-T05S?qs=6S5Watp5UnKwEEYVMBfMmA%3D%3D" />
    <text name="Arrow Part Number" originx="0" originy="0" style="Default" rotation="0" justify="" flipped="False" hidden="True" data="CDSOD323-T05S" />
    <text name="Arrow Price/Stock" originx="0" originy="0" style="Default" rotation="0" justify="" flipped="False" hidden="True" data="https://www.arrow.com/en/products/cdsod323-t05s/bourns?region=nac" />
  </component>
</quadcept_library>
